bin,gt_total,matched,recall
very_tiny,3,0,0.0
tiny,5,0,0.0
small,108,70,0.6481481481481481
medium,509,466,0.9155206286836935
large,107,102,0.9532710280373832
