bin,gt_total,matched,recall
very_tiny,25072,19215,0.7663927887683472
tiny,20520,17900,0.8723196881091618
small,26614,23864,0.8966709250770272
medium,317,283,0.8927444794952681
large,0,0,
