{
  "AP": 0.644692419953539,
  "AP50": 0.852649939913259,
  "AP75": 0.6849074980009096,
  "AP_small": 0.644477858318374,
  "AP_medium": 0.7238666892716588,
  "AP_large": -1.0,
  "AR_1": 0.027178963914895965,
  "AR_10": 0.2525584986831764,
  "AR_100": 0.7099968285923086,
  "AR_small": 0.7098025094867463,
  "AR_medium": 0.7545741324921136,
  "AR_large": -1.0
}