{
  "AP": 0.6430148851782472,
  "AP50": 0.8547193532450992,
  "AP75": 0.6843532937374693,
  "AP_small": 0.6427974679313763,
  "AP_medium": 0.6908862337993705,
  "AP_large": -1.0,
  "AR_1": 0.02737822885903249,
  "AR_10": 0.25415609444975945,
  "AR_100": 0.7081790829555066,
  "AR_small": 0.7080928245298035,
  "AR_medium": 0.7206349206349205,
  "AR_large": -1.0
}