{
  "run_id": "20260531_064719_yolo11m_baseline_s0_nogit",
  "model_tag": "yolo11m_baseline",
  "seed": 0,
  "train_wallclock_s": 34047.1,
  "train_wallclock_h": 9.458,
  "headline": {
    "val": {
      "AP": 0.6430148851782472,
      "AP50": 0.8547193532450992,
      "AP75": 0.6843532937374693,
      "AP_small": 0.6427974679313763,
      "AP_medium": 0.6908862337993705,
      "AP_large": -1.0,
      "AR_1": 0.02737822885903249,
      "AR_10": 0.25415609444975945,
      "AR_100": 0.7081790829555066,
      "AR_small": 0.7080928245298035,
      "AR_medium": 0.7206349206349205,
      "AR_large": -1.0
    },
    "test": {
      "AP": 0.644692419953539,
      "AP50": 0.852649939913259,
      "AP75": 0.6849074980009096,
      "AP_small": 0.644477858318374,
      "AP_medium": 0.7238666892716588,
      "AP_large": -1.0,
      "AR_1": 0.027178963914895965,
      "AR_10": 0.2525584986831764,
      "AR_100": 0.7099968285923086,
      "AR_small": 0.7098025094867463,
      "AR_medium": 0.7545741324921136,
      "AR_large": -1.0
    }
  },
  "opt_thresholds": {
    "OptThr_F1": 0.37,
    "Best_F1": 0.8629533809444881,
    "OptThr_F2": 0.19,
    "Best_F2": 0.8502699291487655
  },
  "efficiency": {
    "params_total_M": 20.0308,
    "weights_size_MB": 38.676,
    "latency_mean_ms": 5.119986600417178,
    "latency_std_ms": 0.20315771284825715,
    "latency_p50_ms": 5.079999988083728,
    "latency_p95_ms": 5.359490000410005,
    "latency_p99_ms": 6.096268996770959,
    "params_trainable_M": 0.0,
    "gflops": 67.65,
    "layers_total": 126,
    "export_onnx_OK": true,
    "onnx_size_MB": 76.70250797271729
  },
  "calibration": {
    "ECE": 0.026258599958408953,
    "MCE": 0.21920518191996852,
    "Brier": 0.036194900818839526
  },
  "bca_cis": {
    "F1": {
      "mean": 0.8514535604503182,
      "ci_lo": 0.8467103158647816,
      "ci_hi": 0.8560127177505148
    },
    "F2": {
      "mean": 0.8458976157611355,
      "ci_lo": 0.8406050039485655,
      "ci_hi": 0.8507149653747813
    },
    "precision": {
      "mean": 0.8694287322564856,
      "ci_lo": 0.8655405204478194,
      "ci_hi": 0.8731306886024697
    },
    "recall": {
      "mean": 0.8431027312775331,
      "ci_lo": 0.8372485836228908,
      "ci_hi": 0.8483341961362467
    }
  },
  "paired_bootstrap": null,
  "resource_summary": {
    "gpu_util_avg_%": 70.57575578649032,
    "gpu_util_max_%": 100.0,
    "gpu_power_avg_W": 181.46044496929616,
    "gpu_power_max_W": 207.591,
    "gpu_temp_avg_C": 66.84405999055267,
    "gpu_temp_max_C": 71.0,
    "vram_used_max_MB": 10702.16015625,
    "cpu_util_avg_%": 7.3421291922531875,
    "ram_used_max_GB": 115.89738082885742
  },
  "training_co2_kg": 1.4845988728163497,
  "f2_early_stop": {
    "best_epoch": 281,
    "best_f2": 0.8397009345391757,
    "stopped": false
  },
  "skipped_metrics_count": 13
}