batch,imgs_per_sec
1,199.4764408425012
4,239.95599207117073
8,233.47082494590427
16,221.54186305924551
